{
  "Total" : {
    "transaction" : "Total",
    "sampleCount" : 3949821,
    "errorCount" : 0,
    "errorPct" : 0.0,
    "meanResTime" : 458.2026048775346,
    "medianResTime" : 460.0,
    "minResTime" : 14.0,
    "maxResTime" : 5132.0,
    "pct1ResTime" : 490.0,
    "pct2ResTime" : 501.0,
    "pct3ResTime" : 2814.8900000000176,
    "throughput" : 2181.2851610109915,
    "receivedKBytesPerSec" : 370.64806446866453,
    "sentKBytesPerSec" : 717.8643547467814
  },
  "api/sensor/add" : {
    "transaction" : "api/sensor/add",
    "sampleCount" : 3949821,
    "errorCount" : 0,
    "errorPct" : 0.0,
    "meanResTime" : 458.2026048775346,
    "medianResTime" : 460.0,
    "minResTime" : 14.0,
    "maxResTime" : 5132.0,
    "pct1ResTime" : 490.0,
    "pct2ResTime" : 501.0,
    "pct3ResTime" : 2814.8900000000176,
    "throughput" : 2181.2851610109915,
    "receivedKBytesPerSec" : 370.64806446866453,
    "sentKBytesPerSec" : 717.8643547467814
  }
}